{
  "char_name": {
    "type": "input",
    "top": 4.444444444444445,
    "left": 27.9322853688029,
    "width": 42.20072551390569,
    "height": 2.3931623931623935
  },
  "habilidade_click": {
    "type": "rollable",
    "top": 1.7948717948717947,
    "left": 31.80169286577993,
    "width": 16.324062877871825,
    "height": 2.2222222222222223
  },
  "escala": {
    "type": "label",
    "top": 16.666666666666664,
    "left": 23.579201934703747,
    "width": 17.654171704957676,
    "height": 2.6495726495726495
  },
  "bio": {
    "type": "rollable",
    "top": 1.7948717948717947,
    "left": 51.26964933494559,
    "width": 16.203143893591292,
    "height": 2.307692307692308
  },
  "equips": {
    "type": "rollable",
    "top": 1.7948717948717947,
    "left": 70.37484885126965,
    "width": 16.203143893591292,
    "height": 2.307692307692308
  },
  "tendencia": {
    "type": "input",
    "top": 4.444444444444445,
    "left": 72.91414752116083,
    "width": 16.686819830713418,
    "height": 2.3931623931623935
  },
  "race": {
    "type": "input",
    "top": 9.145299145299145,
    "left": 27.9322853688029,
    "width": 17.04957678355502,
    "height": 2.307692307692308
  },
  "classe": {
    "type": "input",
    "top": 9.145299145299145,
    "left": 46.19105199516324,
    "width": 17.04957678355502,
    "height": 2.307692307692308
  },
  "lvl": {
    "type": "input",
    "top": 8.034188034188034,
    "left": 64.57073760580411,
    "width": 7.496977025392987,
    "height": 3.3333333333333335
  },
  "tamanho": {
    "type": "input",
    "top": 9.145299145299145,
    "left": 76.29987908101572,
    "width": 13.422007255139057,
    "height": 2.307692307692308
  },
  "foto": {
    "type": "rollable",
    "top": 2.3931623931623935,
    "left": 2.539298669891173,
    "width": 17.89600967351874,
    "height": 12.649572649572649
  },
  "deslocamento": {
    "type": "input",
    "top": 16.666666666666664,
    "left": 44.37726723095527,
    "width": 17.654171704957676,
    "height": 2.6495726495726495
  },
  "for": {
    "type": "input",
    "top": 22.82051282051282,
    "left": 3.3857315598548974,
    "width": 6.287787182587666,
    "height": 4.871794871794872
  },
  "roll_for": {
    "type": "rollable",
    "top": 27.94871794871795,
    "left": 4.71584038694075,
    "width": 3.6275695284159615,
    "height": 2.564102564102564
  },
  "des": {
    "type": "input",
    "top": 22.82051282051282,
    "left": 13.784764207980654,
    "width": 6.287787182587666,
    "height": 4.871794871794872
  },
  "cons": {
    "type": "input",
    "top": 22.82051282051282,
    "left": 24.546553808948005,
    "width": 6.287787182587666,
    "height": 4.871794871794872
  },
  "roll_des": {
    "type": "rollable",
    "top": 27.94871794871795,
    "left": 15.114873035066505,
    "width": 3.6275695284159615,
    "height": 2.564102564102564
  },
  "roll_cons": {
    "type": "rollable",
    "top": 27.94871794871795,
    "left": 25.755743651753328,
    "width": 3.6275695284159615,
    "height": 2.564102564102564
  },
  "sab": {
    "type": "input",
    "top": 22.82051282051282,
    "left": 34.82466747279323,
    "width": 6.287787182587666,
    "height": 4.871794871794872
  },
  "roll_sab": {
    "type": "rollable",
    "top": 27.94871794871795,
    "left": 36.15477629987908,
    "width": 3.6275695284159615,
    "height": 2.564102564102564
  },
  "int": {
    "type": "input",
    "top": 22.82051282051282,
    "left": 45.34461910519952,
    "width": 6.287787182587666,
    "height": 4.871794871794872
  },
  "roll_int": {
    "type": "rollable",
    "top": 27.94871794871795,
    "left": 46.67472793228537,
    "width": 3.6275695284159615,
    "height": 2.564102564102564
  },
  "car": {
    "type": "input",
    "top": 22.82051282051282,
    "left": 55.62273276904474,
    "width": 6.287787182587666,
    "height": 4.871794871794872
  },
  "roll_car": {
    "type": "rollable",
    "top": 27.94871794871795,
    "left": 56.95284159613059,
    "width": 3.6275695284159615,
    "height": 2.564102564102564
  },
  "fortitude_total": {
    "type": "label",
    "top": 16.837606837606838,
    "left": 88.39177750906893,
    "width": 3.2648125755743655,
    "height": 2.307692307692308
  },
  "fortitude_bonus": {
    "type": "input",
    "top": 16.837606837606838,
    "left": 83.55501813784765,
    "width": 3.2648125755743655,
    "height": 2.307692307692308
  },
  "fortitude_lvl": {
    "type": "input",
    "top": 16.837606837606838,
    "left": 78.96009673518742,
    "width": 3.2648125755743655,
    "height": 2.307692307692308
  },
  "fortitude_mod": {
    "type": "input",
    "top": 16.837606837606838,
    "left": 74.36517533252722,
    "width": 3.2648125755743655,
    "height": 2.307692307692308
  },
  "vontade_mod": {
    "type": "input",
    "top": 20.34188034188034,
    "left": 74.36517533252722,
    "width": 3.2648125755743655,
    "height": 2.307692307692308
  },
  "vontade_lvl": {
    "type": "input",
    "top": 20.34188034188034,
    "left": 78.8391777509069,
    "width": 3.2648125755743655,
    "height": 2.307692307692308
  },
  "vontade_bonus": {
    "type": "input",
    "top": 20.34188034188034,
    "left": 83.67593712212818,
    "width": 3.2648125755743655,
    "height": 2.307692307692308
  },
  "vontade_total": {
    "type": "label",
    "top": 20.34188034188034,
    "left": 88.27085852478838,
    "width": 3.2648125755743655,
    "height": 2.307692307692308
  },
  "reflexos_mod": {
    "type": "input",
    "top": 23.760683760683758,
    "left": 74.36517533252722,
    "width": 3.2648125755743655,
    "height": 2.307692307692308
  },
  "reflexos_lvl": {
    "type": "input",
    "top": 23.760683760683758,
    "left": 78.8391777509069,
    "width": 3.2648125755743655,
    "height": 2.307692307692308
  },
  "reflexos_bonus": {
    "type": "input",
    "top": 23.760683760683758,
    "left": 83.55501813784765,
    "width": 3.2648125755743655,
    "height": 2.307692307692308
  },
  "reflexos_total": {
    "type": "label",
    "top": 23.760683760683758,
    "left": 88.27085852478838,
    "width": 3.2648125755743655,
    "height": 2.307692307692308
  },
  "iniciativa_des": {
    "type": "input",
    "top": 34.1025641025641,
    "left": 4.353083434099154,
    "width": 3.2648125755743655,
    "height": 2.307692307692308
  },
  "iniciativa_bonus": {
    "type": "input",
    "top": 34.1025641025641,
    "left": 9.068923821039904,
    "width": 3.2648125755743655,
    "height": 2.307692307692308
  },
  "iniciativa_total": {
    "type": "label",
    "top": 34.1025641025641,
    "left": 14.147521160822249,
    "width": 3.2648125755743655,
    "height": 2.307692307692308
  },
  "fortitude_roll": {
    "type": "rollable",
    "top": 17.77777777777778,
    "left": 65.77992744860943,
    "width": 7.013301088270858,
    "height": 0.8547008547008548
  },
  "me_total": {
    "type": "label",
    "top": 42.22222222222222,
    "left": 14.147521160822249,
    "width": 3.2648125755743655,
    "height": 2.307692307692308
  },
  "me_equip": {
    "type": "input",
    "top": 42.22222222222222,
    "left": 9.189842805320435,
    "width": 3.2648125755743655,
    "height": 2.307692307692308
  },
  "me_des": {
    "type": "input",
    "top": 42.22222222222222,
    "left": 4.353083434099154,
    "width": 3.2648125755743655,
    "height": 2.307692307692308
  },
  "md_cons": {
    "type": "input",
    "top": 50.34188034188034,
    "left": 4.594921402660217,
    "width": 3.2648125755743655,
    "height": 2.307692307692308
  },
  "md_equip": {
    "type": "input",
    "top": 50.34188034188034,
    "left": 9.310761789600967,
    "width": 3.2648125755743655,
    "height": 2.307692307692308
  },
  "md_total": {
    "type": "label",
    "top": 50.34188034188034,
    "left": 14.389359129383314,
    "width": 3.2648125755743655,
    "height": 2.307692307692308
  },
  "iniciativa_roll": {
    "type": "rollable",
    "top": 37.35042735042735,
    "left": 7.013301088270858,
    "width": 8.101571946795646,
    "height": 1.1111111111111112
  },